{"message_ids": {"om_x100b5295b68a04a4b25383356d4512e": 1775902913.903453, "om_x100b5295b52350a8b3117d61f1813ad": 1775902972.3109307, "om_x100b52964a3e50a4b22bc61d130fe18": 1775903116.9892986, "om_x100b5296544caca0b4aedf9d24b3512": 1775903144.7177548, "om_x100b5296602b6ca4b35318d50791034": 1775903471.132632, "om_x100b52967e27ed04b4bd3c1e098766c": 1775903503.2449698, "om_x100b529650cca4b4b4cbdea192e1abe": 1775903517.1301446, "om_x100b52967adc14acb34d9e615cbe044": 1775903553.7244995, "om_x100b52966c1658acb2d6378f4cdd6d4": 1775903593.9556923, "om_x100b5296778978acb107e197fe1d274": 1775903637.0322602, "om_x100b52961476a4acb391eb492f8f2f6": 1775904172.3760543, "om_x100b5296269068a8b34ab0ad9559af9": 1775904390.4893603, "om_x100b5296202508bcb3bdce4e5cc358a": 1775904495.1127207, "om_x100b529638b6187cb29d572f81f9774": 1775904616.4298172, "om_x100b529635e410acb3516ba093da722": 1775904691.254772, "om_x100b5296c77bb4a4b37735676005dad": 1775904923.9686625, "om_x100b5296c2b68cb0b26f75fc1209ca7": 1775904968.3668025, "om_x100b5296e7ee1ca4b312f6adec72acd": 1775905426.7950609, "om_x100b5296e5ce7934b2c8ef227615c86": 1775905456.8596468, "om_x100b5296e12744a0b10487ae1f11afc": 1775905535.2620194, "om_x100b5296f6c05ca8b2b5a435158e832": 1775905665.5220249}}